<xmlui>
  <strip id="stripMain">
    <section id="sectionAdd">
      <action id="addProject"/>
      <action id="addFolder"/>
    </section>
    <section id="sectionProjects">
      <action id="updateProjects"/>
      <grid>
        <action id="editRename"/>
        <action id="moveFolder"/>
        <action id="editArchive"/>
        <action id="editDelete"/>
      </grid>
      <action id="managePermissions"/>
      <action id="manageAlerts"/>
    </section>
  </strip>
  <menu id="menuNull">
    <action id="addProject"/>
    <separator/>
    <action id="updateProjects"/>
  </menu>
  <menu id="menuProject">
    <action id="openProject"/>
    <separator/>
    <action id="addFolder"/>
    <separator/>
    <action id="managePermissions"/>
    <separator/>
    <action id="updateProjects"/>
  </menu>
  <menu id="menuProjectAdmin">
    <action id="openProject"/>
    <separator/>
    <action id="addFolder"/>
    <separator/>
    <action id="editRename"/>
    <action id="editArchive"/>
    <action id="editDelete"/>
    <separator/>
    <action id="managePermissions"/>
    <separator/>
    <action id="updateProjects"/>
  </menu>
  <menu id="menuGlobalList">
    <action id="openGlobalList"/>
    <separator/>
    <action id="manageAlerts"/>
    <separator/>
    <action id="updateProjects"/>
  </menu>
  <menu id="menuFolder">
    <action id="openFolder"/>
    <separator/>
    <action id="editRename"/>
    <action id="moveFolder"/>
    <action id="editDelete"/>
    <separator/>
    <action id="manageAlerts"/>
    <separator/>
    <action id="updateProjects"/>
  </menu>
  <menu id="menuAlert">
    <action id="manageAlerts"/>
    <separator/>
    <action id="updateProjects"/>
  </menu>
</xmlui>
