<?xml version="1.0" encoding="UTF-8" standalone="yes"?>
<ns6:NihaiOzet xmlns="urn:dpt:eyazisma:schema:xsd:PaketOzeti-2" xmlns:ns2="urn:dpt:eyazisma:schema:xsd:ParafOzeti-2" xmlns:ns3="urn:dpt:eyazisma:schema:xsd:Tipler-2" xmlns:ns4="urn:dpt:eyazisma:schema:xsd:NihaiUstveri-2" xmlns:ns5="urn:dpt:eyazisma:schema:xsd:BelgeHedef-2" xmlns:ns6="urn:dpt:eyazisma:schema:xsd:NihaiOzet-2" xmlns:ns7="urn:dpt:eyazisma:schema:xsd:Ustveri-2" xmlns:ns8="urn:dpt:eyazisma:schema:xsd:BelgeImza-2" Id="42F5332A-623F-4DAD-BDEA-408287464824">
    <Reference URI="/docProps/core.xml" Type="http://eyazisma.dpt/bilesen#dahili">
        <DigestItem>
            <DigestMethod Algorithm="http://www.w3.org/2001/04/xmlenc#sha512"/>
            <DigestValue>Xb4oQ8WC62gD/7jFZzYjX9CQoudNJdsf1tNBKHpSnfeyEOqpeTrGbvbqBYCw3jP3qZbk+5Zut74lgO7fXb4iUA==</DigestValue>
        </DigestItem>
        <DigestItem>
            <DigestMethod Algorithm="http://www.w3.org/2001/04/xmldsig-more#sha384"/>
            <DigestValue>S8hD7upN5zI/wOjrw7t/or2gaBWgM2+eFd1KcYFncroJ7ody91SYLrU+oik9Rc+I</DigestValue>
        </DigestItem>
    </Reference>
    <Reference URI="/Ustveri/Ustveri.xml" Type="http://eyazisma.dpt/bilesen#dahili">
        <DigestItem>
            <DigestMethod Algorithm="http://www.w3.org/2001/04/xmlenc#sha512"/>
            <DigestValue>/XvyaAzhbMH5ui2aiu5ysSslspeVU9hqyRfCTsTY6I6mOXZjKag9o0cc95VHPqx03U7TH3t4XKojY9yR0JAnXA==</DigestValue>
        </DigestItem>
        <DigestItem>
            <DigestMethod Algorithm="http://www.w3.org/2001/04/xmldsig-more#sha384"/>
            <DigestValue>xje4Xzd4y0/eXvJ4qDlhuHcOCMaK0CgX95J+tnBLjcKm1jX/IA6KkudvFmk9plTK</DigestValue>
        </DigestItem>
    </Reference>
    <Reference URI="/UstYazi/DisGidenEvrak(20230222_9161).pdf" Type="http://eyazisma.dpt/bilesen#dahili">
        <DigestItem>
            <DigestMethod Algorithm="http://www.w3.org/2001/04/xmlenc#sha512"/>
            <DigestValue>V9iFkby4SsC3f0B3xEqFDj2cgQXnYWm5Fn65swK1adZUPDAg9XZxPrKvz36joYSuFcwd2NEcVtvbcKW1U7MRlw==</DigestValue>
        </DigestItem>
        <DigestItem>
            <DigestMethod Algorithm="http://www.w3.org/2001/04/xmldsig-more#sha384"/>
            <DigestValue>4rcL8QGPl3ebrm7kz6/z4XlWtFgufjmxC6bVQMKRBNLY4MfDxp3nCcimjxZEtEcn</DigestValue>
        </DigestItem>
    </Reference>
    <Reference URI="/PaketOzeti/PaketOzeti.xml" Type="http://eyazisma.dpt/bilesen#dahili">
        <DigestItem>
            <DigestMethod Algorithm="http://www.w3.org/2001/04/xmlenc#sha512"/>
            <DigestValue>HKMEKxJSBJaSQmQIfYDBsV7j1KkK69E+9z1g0U2+7im79YE+ap+01Atc+94DVXvKSofwJbxdr9/PiRg7NvDfkw==</DigestValue>
        </DigestItem>
        <DigestItem>
            <DigestMethod Algorithm="http://www.w3.org/2001/04/xmldsig-more#sha384"/>
            <DigestValue>z/EdE6uH+GZf436mNpf4KOJotQn4SkSGFbB/Xd+SfYBC3lmzPG4eocY8mFl++QRz</DigestValue>
        </DigestItem>
    </Reference>
    <Reference URI="/Imzalar/ImzaCades.imz" Type="http://eyazisma.dpt/bilesen#dahili">
        <DigestItem>
            <DigestMethod Algorithm="http://www.w3.org/2001/04/xmlenc#sha512"/>
            <DigestValue>r/MyWKkCRMWXGTcF3TxaF+vuVKQgfETKRtmdluZkMCJzm2uBITAZcqsbw6oXKqik0hTZHBq/A4kjDKj0muto7Q==</DigestValue>
        </DigestItem>
        <DigestItem>
            <DigestMethod Algorithm="http://www.w3.org/2001/04/xmldsig-more#sha384"/>
            <DigestValue>uibjKlFU46kbCNgukpMoAbKhH+Vp9OzPvx/UcDyoAgp+sUWCX0CHeRDK+w0Vg5Iv</DigestValue>
        </DigestItem>
    </Reference>
    <Reference URI="/NihaiUstveri/NihaiUstveri.xml" Type="http://eyazisma.dpt/bilesen#dahili">
        <DigestItem>
            <DigestMethod Algorithm="http://www.w3.org/2001/04/xmlenc#sha512"/>
            <DigestValue>e/fTlRtXa51FN7Y5dkA4wOux7gzmQfKDBW+O9L1Qb4a8wUvwRoYgktNIdPBOsNN8jwC7CjYh+0yNWByS9SwHHg==</DigestValue>
        </DigestItem>
        <DigestItem>
            <DigestMethod Algorithm="http://www.w3.org/2001/04/xmldsig-more#sha384"/>
            <DigestValue>RUjhZAXIjzCfhGt4YtaUTmZY7M4kgqsCcuePmUnYxkfJkqGeipEB4dMVBICb+jjX</DigestValue>
        </DigestItem>
    </Reference>
</ns6:NihaiOzet>
