<?xml version="1.0" encoding="UTF-8" standalone="yes"?>
<ns7:UstVeri xmlns="urn:dpt:eyazisma:schema:xsd:PaketOzeti-2" xmlns:ns2="urn:dpt:eyazisma:schema:xsd:ParafOzeti-2" xmlns:ns3="urn:dpt:eyazisma:schema:xsd:Tipler-2" xmlns:ns4="urn:dpt:eyazisma:schema:xsd:NihaiUstveri-2" xmlns:ns5="urn:dpt:eyazisma:schema:xsd:BelgeHedef-2" xmlns:ns6="urn:dpt:eyazisma:schema:xsd:NihaiOzet-2" xmlns:ns7="urn:dpt:eyazisma:schema:xsd:Ustveri-2" xmlns:ns8="urn:dpt:eyazisma:schema:xsd:BelgeImza-2">
    <ns3:BelgeId>42F5332A-623F-4DAD-BDEA-408287464824</ns3:BelgeId>
    <ns3:Konu>2023/64 ESAS</ns3:Konu>
    <ns3:GuvenlikKodu>YOK</ns3:GuvenlikKodu>
    <ns3:GuvenlikKoduGecerlilikTarihi xmlns:xsi="http://www.w3.org/2001/XMLSchema-instance" xsi:nil="true"/>
    <ns3:MimeTuru>application/pdf</ns3:MimeTuru>
    <ns3:OzId schemeID="OID">1ileduswts1gfx</ns3:OzId>
    <ns3:DagitimListesi>
        <ns3:Dagitim>
            <ns3:KurumKurulus>
                <ns3:KKK>73536742</ns3:KKK>
                <ns3:Adi>TOKAT İCRA DAİRESİ MÜDÜRLÜĞÜ</ns3:Adi>
                <ns3:IletisimBilgisi>
                    <ns3:Ulke>Türkiye</ns3:Ulke>
                </ns3:IletisimBilgisi>
            </ns3:KurumKurulus>
            <ns3:Ivedilik>NRM</ns3:Ivedilik>
            <ns3:DagitimTuru>GRG</ns3:DagitimTuru>
        </ns3:Dagitim>
    </ns3:DagitimListesi>
    <ns3:Ilgiler>
        <ns3:Ilgi>
            <ns3:Id Value="9F61EC4F-ADD5-46E9-B4E3-5DF07D3A6972"/>
            <ns3:BelgeNo>E-20271531-804.03-1812519</ns3:BelgeNo>
            <ns3:Tarih>2023-01-04T00:00:00.000+03:00</ns3:Tarih>
            <ns3:Etiket>a</ns3:Etiket>
            <ns3:Aciklama>04.01.2023 tarihli ve E-20271531-804.03-E.1812519 sayılı yazı.</ns3:Aciklama>
        </ns3:Ilgi>
        <ns3:Ilgi>
            <ns3:Id Value="270E7BAB-E388-41E6-8CE0-49002BE1171C"/>
            <ns3:BelgeNo>E-20271531-804.03-1812742</ns3:BelgeNo>
            <ns3:Tarih>2023-01-04T00:00:00.000+03:00</ns3:Tarih>
            <ns3:Etiket>b</ns3:Etiket>
            <ns3:Aciklama>04.01.2023 tarihli ve E-20271531-804.03-E.1812742 sayılı yazı.</ns3:Aciklama>
        </ns3:Ilgi>
    </ns3:Ilgiler>
    <ns3:Dil>tur</ns3:Dil>
    <ns3:Olusturan>
        <ns3:KurumKurulus>
            <ns3:KKK>74361541</ns3:KKK>
            <ns3:Adi>TOKAT DEFTERDARLIĞI</ns3:Adi>
            <ns3:IletisimBilgisi>
                <ns3:Il>TOKAT</ns3:Il>
                <ns3:Ulke>Türkiye</ns3:Ulke>
            </ns3:IletisimBilgisi>
        </ns3:KurumKurulus>
    </ns3:Olusturan>
    <ns3:IlgiliListesi>
        <ns3:Ilgili>
            <ns3:GercekSahis>
                <ns3:Kisi>
                    <ns3:IlkAdi>ŞULE</ns3:IlkAdi>
                    <ns3:Soyadi>KAP</ns3:Soyadi>
                    <ns3:Unvan>Gelir Uzmanı</ns3:Unvan>
                </ns3:Kisi>
                <ns3:IletisimBilgisi>
                    <ns3:Telefon>0(356)213 41 73/149</ns3:Telefon>
                    <ns3:EPosta>Sule.Kap@vdb.gelirler.gov.tr</ns3:EPosta>
                </ns3:IletisimBilgisi>
            </ns3:GercekSahis>
        </ns3:Ilgili>
    </ns3:IlgiliListesi>
    <ns3:DosyaAdi>Dış Giden Evrak(20230222_9161).pdf</ns3:DosyaAdi>
    <ns3:SdpBilgisi>
        <ns3:AnaSdp>
            <ns3:Kod>250.02.01</ns3:Kod>
            <ns3:Ad>Sürekli</ns3:Ad>
            <ns3:Aciklama> </ns3:Aciklama>
        </ns3:AnaSdp>
    </ns3:SdpBilgisi>
    <ns3:DogrulamaBilgisi>
        <ns3:DogrulamaAdresi>https://www.turkiye.gov.tr/gelir-idaresi-ebys</ns3:DogrulamaAdresi>
    </ns3:DogrulamaBilgisi>
</ns7:UstVeri>
