<?xml version="1.0" encoding="UTF-8" standalone="yes"?>
<PaketOzeti xmlns="urn:dpt:eyazisma:schema:xsd:PaketOzeti-2" xmlns:ns2="urn:dpt:eyazisma:schema:xsd:ParafOzeti-2" xmlns:ns3="urn:dpt:eyazisma:schema:xsd:Tipler-2" xmlns:ns4="urn:dpt:eyazisma:schema:xsd:NihaiUstveri-2" xmlns:ns5="urn:dpt:eyazisma:schema:xsd:BelgeHedef-2" xmlns:ns6="urn:dpt:eyazisma:schema:xsd:NihaiOzet-2" xmlns:ns7="urn:dpt:eyazisma:schema:xsd:Ustveri-2" xmlns:ns8="urn:dpt:eyazisma:schema:xsd:BelgeImza-2" Id="42F5332A-623F-4DAD-BDEA-408287464824">
    <Reference URI="/Ustveri/Ustveri.xml" Type="http://eyazisma.dpt/bilesen#dahili">
        <DigestItem>
            <DigestMethod Algorithm="http://www.w3.org/2001/04/xmlenc#sha512"/>
            <DigestValue>/XvyaAzhbMH5ui2aiu5ysSslspeVU9hqyRfCTsTY6I6mOXZjKag9o0cc95VHPqx03U7TH3t4XKojY9yR0JAnXA==</DigestValue>
        </DigestItem>
        <DigestItem>
            <DigestMethod Algorithm="http://www.w3.org/2001/04/xmldsig-more#sha384"/>
            <DigestValue>xje4Xzd4y0/eXvJ4qDlhuHcOCMaK0CgX95J+tnBLjcKm1jX/IA6KkudvFmk9plTK</DigestValue>
        </DigestItem>
    </Reference>
    <Reference URI="/UstYazi/DisGidenEvrak(20230222_9161).pdf" Type="http://eyazisma.dpt/bilesen#dahili">
        <DigestItem>
            <DigestMethod Algorithm="http://www.w3.org/2001/04/xmlenc#sha512"/>
            <DigestValue>V9iFkby4SsC3f0B3xEqFDj2cgQXnYWm5Fn65swK1adZUPDAg9XZxPrKvz36joYSuFcwd2NEcVtvbcKW1U7MRlw==</DigestValue>
        </DigestItem>
        <DigestItem>
            <DigestMethod Algorithm="http://www.w3.org/2001/04/xmldsig-more#sha384"/>
            <DigestValue>4rcL8QGPl3ebrm7kz6/z4XlWtFgufjmxC6bVQMKRBNLY4MfDxp3nCcimjxZEtEcn</DigestValue>
        </DigestItem>
    </Reference>
</PaketOzeti>
