﻿<?xml version="1.0" encoding="utf-8"?>
<NihaiUstVeri xmlns:tipler="urn:dpt:eyazisma:schema:xsd:Tipler-2" xmlns="urn:dpt:eyazisma:schema:xsd:NihaiUstveri-2">
  <tipler:Tarih>2021-12-27T21:08:22.7589481+03:00</tipler:Tarih>
  <tipler:BelgeNo>7587576</tipler:BelgeNo>
  <tipler:BelgeImzalar>
    <tipler:Imza>
      <tipler:Imzalayan>
        <tipler:Kisi>
          <tipler:IlkAdi>PERİHAN</tipler:IlkAdi>
          <tipler:Soyadi>TEKEŞ</tipler:Soyadi>
          <tipler:OnEk />
        </tipler:Kisi>
        <tipler:TCKN>15139499540</tipler:TCKN>
        <tipler:Gorev>YETKİLİ</tipler:Gorev>
      </tipler:Imzalayan>
      <tipler:Makam>YETKİLİ</tipler:Makam>
      <tipler:Amac />
      <tipler:Aciklama />
      <tipler:Tarih>2021-12-27T21:08:22.7589481+03:00</tipler:Tarih>
    </tipler:Imza>
  </tipler:BelgeImzalar>
</NihaiUstVeri>