<?xml version="1.0" encoding="UTF-8" standalone="yes"?>
<ns4:NihaiUstVeri xmlns="urn:dpt:eyazisma:schema:xsd:PaketOzeti-2" xmlns:ns2="urn:dpt:eyazisma:schema:xsd:ParafOzeti-2" xmlns:ns3="urn:dpt:eyazisma:schema:xsd:Tipler-2" xmlns:ns4="urn:dpt:eyazisma:schema:xsd:NihaiUstveri-2" xmlns:ns5="urn:dpt:eyazisma:schema:xsd:BelgeHedef-2" xmlns:ns6="urn:dpt:eyazisma:schema:xsd:NihaiOzet-2" xmlns:ns7="urn:dpt:eyazisma:schema:xsd:Ustveri-2" xmlns:ns8="urn:dpt:eyazisma:schema:xsd:BelgeImza-2">
    <ns3:Tarih>2023-02-22T00:00:00.000+03:00</ns3:Tarih>
    <ns3:BelgeNo>87459021-250.02.01-E.9161</ns3:BelgeNo>
    <ns3:BelgeImzalar>
        <ns3:Imza>
            <ns3:Imzalayan>
                <ns3:Kisi>
                    <ns3:IlkAdi>ÖMER</ns3:IlkAdi>
                    <ns3:Soyadi>YILMAZ</ns3:Soyadi>
                    <ns3:Unvan>Vergi Dairesi Müdürü</ns3:Unvan>
                </ns3:Kisi>
            </ns3:Imzalayan>
            <ns3:Makam>TOKAT V.D. MÜDÜRÜ</ns3:Makam>
            <ns3:Tarih>2023-02-22T16:02:54.000+03:00</ns3:Tarih>
        </ns3:Imza>
    </ns3:BelgeImzalar>
</ns4:NihaiUstVeri>
