﻿<?xml version="1.0" encoding="utf-8"?>
<NihaiOzet xmlns:xsd="http://www.w3.org/2001/XMLSchema" xmlns:xsi="http://www.w3.org/2001/XMLSchema-instance" Id="F03D2F2E-1813-46CC-A057-E60023DFA875" xmlns="urn:dpt:eyazisma:schema:xsd:NihaiOzet-2">
  <Reference URI="/Ustveri/Ustveri.xml" Type="http://eyazisma.dpt/bilesen#dahili" xmlns="urn:dpt:eyazisma:schema:xsd:PaketOzeti-2">
    <DigestItem>
      <DigestMethod Algorithm="http://www.w3.org/2001/04/xmldsig-more#sha384" />
      <DigestValue>sA+69SiNANH937aQEpFwQ2ZljPniF9j0+HZ9+xi5s2ljgmmFgUAAt54FdxehcqFq</DigestValue>
    </DigestItem>
    <DigestItem>
      <DigestMethod Algorithm="http://www.w3.org/2001/04/xmlenc#sha512" />
      <DigestValue>pWs+G0+wfV+eIVdjbDXLo4H3GELqUVx2n0M4bgRRgh/i39vB+rWxB05/4P28gjeZJjOFzW9Y657y4UGba++9Pg==</DigestValue>
    </DigestItem>
  </Reference>
  <Reference URI="/UstYazi/ustyazi.pdf" Type="http://eyazisma.dpt/bilesen#dahili" xmlns="urn:dpt:eyazisma:schema:xsd:PaketOzeti-2">
    <DigestItem>
      <DigestMethod Algorithm="http://www.w3.org/2001/04/xmldsig-more#sha384" />
      <DigestValue>L2Fxi7HYW04QagMsWO/53ZvTJpj14LydmckPp5ISPI2c+aSnPR/7R4AdwnOQs9pu</DigestValue>
    </DigestItem>
    <DigestItem>
      <DigestMethod Algorithm="http://www.w3.org/2001/04/xmlenc#sha512" />
      <DigestValue>DymCHB7zYpjwn6aEYBIfcd5aGd9S3NXOvHCnHqjtzfDqqMwN1FY6YOtHZVvRVzq9Ri19msMTsjIwlBr8b23SWA==</DigestValue>
    </DigestItem>
  </Reference>
  <Reference URI="/PaketOzeti/PaketOzeti.xml" Type="http://eyazisma.dpt/bilesen#dahili" xmlns="urn:dpt:eyazisma:schema:xsd:PaketOzeti-2">
    <DigestItem>
      <DigestMethod Algorithm="http://www.w3.org/2001/04/xmldsig-more#sha384" />
      <DigestValue>XwhhBntFrdmMCyK9jKcdo8psYfeAXwWfpcGs2HOWtAWizVnXyeNsQQ9nlcMHEFsg</DigestValue>
    </DigestItem>
    <DigestItem>
      <DigestMethod Algorithm="http://www.w3.org/2001/04/xmlenc#sha512" />
      <DigestValue>bGzzSUbeUzZTtBLJm4mB6C8i7NA9nEXklhBalUYSzclvjXzdI4xHwKWkImJbLcAg40x8esYt7xhctGXwk2y3EQ==</DigestValue>
    </DigestItem>
  </Reference>
  <Reference URI="/Imzalar/ImzaCades.imz" Type="http://eyazisma.dpt/bilesen#dahili" xmlns="urn:dpt:eyazisma:schema:xsd:PaketOzeti-2">
    <DigestItem>
      <DigestMethod Algorithm="http://www.w3.org/2001/04/xmldsig-more#sha384" />
      <DigestValue>O8mI9PyNLtwr0nRom9eb4FAAov5ujM+sGcA6WqDt2lLkTEil7Xqrmk0NP9JvDPrI</DigestValue>
    </DigestItem>
    <DigestItem>
      <DigestMethod Algorithm="http://www.w3.org/2001/04/xmlenc#sha512" />
      <DigestValue>c2fYykoRC1w77i7/Zg15HMkpH8GfZXHYh+gUn5MktcQvuEtUmNnf1KsK1YDrBPe1NvURn8ZAjglanvMaUhBOJg==</DigestValue>
    </DigestItem>
  </Reference>
  <Reference URI="/NihaiUstveri/NihaiUstveri.xml" Type="http://eyazisma.dpt/bilesen#dahili" xmlns="urn:dpt:eyazisma:schema:xsd:PaketOzeti-2">
    <DigestItem>
      <DigestMethod Algorithm="http://www.w3.org/2001/04/xmldsig-more#sha384" />
      <DigestValue>DUpA/+rjW46SgsrkX7vG5X6so9QPFDmWQInbVE+jSeoqJ/IuOwrjKnvafNmFCUaZ</DigestValue>
    </DigestItem>
    <DigestItem>
      <DigestMethod Algorithm="http://www.w3.org/2001/04/xmlenc#sha512" />
      <DigestValue>p1ZFhDvk9aKD58hj+4N0CoBcnI4BVuI2H8KcgpvwPpl963x9zto5PihcSHbXM1+5Fuczq0FbhE0n/pXje/vQbA==</DigestValue>
    </DigestItem>
  </Reference>
  <Reference URI="/package/services/metadata/core-properties/156a65f220e54a29be287a7d9b778355.psmdcp" Type="http://eyazisma.dpt/bilesen#dahili" xmlns="urn:dpt:eyazisma:schema:xsd:PaketOzeti-2">
    <DigestItem>
      <DigestMethod Algorithm="http://www.w3.org/2001/04/xmldsig-more#sha384" />
      <DigestValue>JOVllbk29SO6pV6QLeYT1uYx0vfejoIIWOzO5AhUiV3Kzfw7AguC2KhTsf6jVeO/</DigestValue>
    </DigestItem>
    <DigestItem>
      <DigestMethod Algorithm="http://www.w3.org/2001/04/xmlenc#sha512" />
      <DigestValue>T/HsVBHPef0+a8AHHf58DREs96lw8AvWxtAIplagHoifIoTtR5PCbpfukMU+Dv5p9MO75Hi0MwD4a9uxwhHr4w==</DigestValue>
    </DigestItem>
  </Reference>
</NihaiOzet>