﻿<?xml version="1.0" encoding="utf-8"?>
<UstVeri xmlns:tipler="urn:dpt:eyazisma:schema:xsd:Tipler-2" xmlns="urn:dpt:eyazisma:schema:xsd:Ustveri-2">
  <tipler:BelgeId>F03D2F2E-1813-46CC-A057-E60023DFA875</tipler:BelgeId>
  <tipler:Konu>İcra</tipler:Konu>
  <tipler:GuvenlikKodu>HZO</tipler:GuvenlikKodu>
  <tipler:GuvenlikKoduGecerlilikTarihi>2031-12-27T21:08:22.7589481+03:00</tipler:GuvenlikKoduGecerlilikTarihi>
  <tipler:MimeTuru>application/pdf</tipler:MimeTuru>
  <tipler:OzId schemeID="GUID">A1C66D6B-688D-44E0-A8B5-D8D38871E165</tipler:OzId>
  <tipler:DagitimListesi>
    <tipler:Dagitim>
      <tipler:KurumKurulus>
        <tipler:KKK>73536742</tipler:KKK>
        <tipler:Adi>TOKAT ICRA MÜDÜRLÜGÜ</tipler:Adi>
      </tipler:KurumKurulus>
      <tipler:Ivedilik>NRM</tipler:Ivedilik>
      <tipler:DagitimTuru>BLG</tipler:DagitimTuru>
    </tipler:Dagitim>
  </tipler:DagitimListesi>
  <tipler:Dil>tur</tipler:Dil>
  <tipler:Olusturan>
    <tipler:KurumKurulus>
      <tipler:KKK>19359074</tipler:KKK>
      <tipler:Adi>Türkiye Vakıflar Bankası Bankası T.A.O</tipler:Adi>
      <tipler:IletisimBilgisi>
        <tipler:Telefon>02167241000</tipler:Telefon>
        <tipler:EPosta>vakifbanktao@hs01.kep.tr</tipler:EPosta>
        <tipler:Faks>02167243909</tipler:Faks>
        <tipler:WebAdresi>www.vakifbank.com.tr</tipler:WebAdresi>
        <tipler:Adres>Saray Mahallesi Dr. Adnan Büyükdeniz CaddesiNo:7/A-B 34768 Ümraniye/İstanbul</tipler:Adres>
        <tipler:Il>İSTANBUL</tipler:Il>
        <tipler:Ilce>ÜMRANİYE</tipler:Ilce>
        <tipler:Ulke>TÜRKİYE</tipler:Ulke>
      </tipler:IletisimBilgisi>
    </tipler:KurumKurulus>
  </tipler:Olusturan>
  <tipler:DosyaAdi>ustyazi.pdf</tipler:DosyaAdi>
  <tipler:DogrulamaBilgisi>
    <tipler:DogrulamaAdresi>https://www.vakifbank.com.tr/</tipler:DogrulamaAdresi>
  </tipler:DogrulamaBilgisi>
</UstVeri>