﻿<?xml version="1.0" encoding="utf-8"?>
<PaketOzeti xmlns:xsd="http://www.w3.org/2001/XMLSchema" xmlns:xsi="http://www.w3.org/2001/XMLSchema-instance" Id="F03D2F2E-1813-46CC-A057-E60023DFA875" xmlns="urn:dpt:eyazisma:schema:xsd:PaketOzeti-2">
  <Reference URI="/Ustveri/Ustveri.xml" Type="http://eyazisma.dpt/bilesen#dahili">
    <DigestItem>
      <DigestMethod Algorithm="http://www.w3.org/2001/04/xmldsig-more#sha384" />
      <DigestValue>sA+69SiNANH937aQEpFwQ2ZljPniF9j0+HZ9+xi5s2ljgmmFgUAAt54FdxehcqFq</DigestValue>
    </DigestItem>
    <DigestItem>
      <DigestMethod Algorithm="http://www.w3.org/2001/04/xmlenc#sha512" />
      <DigestValue>pWs+G0+wfV+eIVdjbDXLo4H3GELqUVx2n0M4bgRRgh/i39vB+rWxB05/4P28gjeZJjOFzW9Y657y4UGba++9Pg==</DigestValue>
    </DigestItem>
  </Reference>
  <Reference URI="/UstYazi/ustyazi.pdf" Type="http://eyazisma.dpt/bilesen#dahili">
    <DigestItem>
      <DigestMethod Algorithm="http://www.w3.org/2001/04/xmldsig-more#sha384" />
      <DigestValue>L2Fxi7HYW04QagMsWO/53ZvTJpj14LydmckPp5ISPI2c+aSnPR/7R4AdwnOQs9pu</DigestValue>
    </DigestItem>
    <DigestItem>
      <DigestMethod Algorithm="http://www.w3.org/2001/04/xmlenc#sha512" />
      <DigestValue>DymCHB7zYpjwn6aEYBIfcd5aGd9S3NXOvHCnHqjtzfDqqMwN1FY6YOtHZVvRVzq9Ri19msMTsjIwlBr8b23SWA==</DigestValue>
    </DigestItem>
  </Reference>
</PaketOzeti>