<xmlui>
  <strip id="stripMain">
    <section id="sectionFile">
      <action id="popupSaveFile"/>
    </section>
    <section id="sectionClipboard">
      <action id="paste"/>
      <grid>
        <action id="cut"/>
        <action id="copy"/>
      </grid>
    </section>
    <section id="sectionEdit">
      <grid>
        <action id="undo"/>
        <action id="redo"/>
      </grid>
    </section>
  </strip>
  <menu id="menuSaveFile">
    <action id="saveFile"/>
    <action id="saveFileAs"/>
  </menu>
  <menu id="menuText">
    <action id="undo"/>
    <action id="redo"/>
    <separator/>
    <action id="cut"/>
    <action id="copy"/>
    <action id="paste"/>
    <separator/>
    <action id="selectAll"/>
  </menu>
</xmlui>
